Base,Name,Size,Emote,Habitat,Holy,Intelligence,Use,Detail
ancient,imperial myrmdion,Medium,Shout,Land,Natural,Human,MonEquipment,
ancient,servant of whispers,Medium,Shout,Land,Natural,Human,MonEquipment,
ancient,ragged hierophant,Medium,Shout,Land,Natural,Human,MonEquipment,
bat,bat,Tiny,Silent,Land,Natural,Animal,MonNone,"Feral,Fly"
bat,butterfly,Tiny,Silent,Land,Natural,Mindless,MonNone,"Feral,Fly"
bat,vampire bat,Tiny,Silent,Land,Undead,Animal,MonNone,"Feral,Fly"
bat,fire bat,Tiny,Silent,Land,Natural,Animal,MonNone,"Feral,Fly"
bat,bennu,Medium,Screech,Land,Natural,Human,MonNone,Fly
bat,caustic shrike,Medium,Screech,Land,Natural,Animal,MonNone,Fly
bat,shard shrike,Medium,Screech,Land,Natural,Animal,MonNone,Fly
centaur,centaur,Medium,Shout,Land,Natural,Human,MonEquipment,Archer
centaur,centaur warrior,Medium,Shout,Land,Natural,Human,MonEquipment,Archer
centaur,yaktaur,Medium,Shout,Land,Natural,Human,MonEquipment,Archer
centaur,yaktaur captain,Medium,Shout,Land,Natural,Human,MonEquipment,Archer
centaur,faun,Medium,Shout,Land,Natural,Human,MonEquipment,
centaur,satyr,Medium,Shout,Land,Natural,Human,MonEquipment,Archer
draconian,draconian,Medium,Roar,Land,Natural,Human,MonEquipment,
draconian,black draconian,Medium,Roar,Land,Natural,Human,MonEquipment,
draconian,yellow draconian,Medium,Roar,Land,Natural,Human,MonEquipment,
draconian,pale draconian,Medium,Roar,Land,Natural,Human,MonEquipment,
draconian,green draconian,Medium,Roar,Land,Natural,Human,MonEquipment,
draconian,purple draconian,Medium,Roar,Land,Natural,Human,MonEquipment,
draconian,red draconian,Medium,Roar,Land,Natural,Human,MonEquipment,
draconian,white draconian,Medium,Roar,Land,Natural,Human,MonEquipment,
draconian,grey draconian,Medium,Roar,Amphibious,Natural,Human,MonEquipment,
draconian,draconian stormcaller,Medium,Roar,Land,Natural,Human,MonEquipment,
draconian,draconian monk,Medium,Roar,Land,Natural,Human,MonEquipment,
draconian,draconian shifter,Medium,Roar,Land,Natural,Human,MonEquipment,
draconian,draconian annihilator,Medium,Roar,Land,Natural,Human,MonEquipment,
draconian,draconian knight,Medium,Roar,Land,Natural,Human,MonEquipment,
draconian,draconian scorcher,Medium,Roar,Land,Natural,Human,MonEquipment,
elf,elf,Medium,Shout,Land,Natural,Human,MonEquipment,NPC
elf,deep elf knight,Medium,Shout,Land,Natural,Human,MonEquipment,
elf,deep elf archer,Medium,Shout,Land,Natural,Human,MonEquipment,Archer
elf,deep elf blademaster,Medium,Shout,Land,Natural,Human,MonEquipment,
elf,deep elf master archer,Medium,Shout,Land,Natural,Human,MonEquipment,Archer
elf,deep elf zephyrmancer,Medium,Shout,Land,Natural,Human,MonEquipment,
elf,deep elf pyromancer,Medium,Shout,Land,Natural,Human,MonEquipment,
elf,deep elf high priest,Medium,Shout,Land,Natural,Human,MonEquipment,
elf,deep elf demonologist,Medium,Shout,Land,Natural,Human,MonEquipment,
elf,deep elf annihilator,Medium,Shout,Land,Natural,Human,MonEquipment,
elf,deep elf sorcerer,Medium,Shout,Land,Natural,Human,MonEquipment,
elf,deep elf death mage,Medium,Shout,Land,Natural,Human,MonEquipment,
elf,deep elf elementalist,Medium,Shout,Land,Natural,Human,MonEquipment,
plant,sleepcap,Tiny,Silent,Land,Plant,Mindless,MonNone,Feral
plant,wandering mushroom,Tiny,Silent,Land,Plant,Mindless,MonNone,Feral
plant,deathcap,Tiny,Silent,Land,Undead,Mindless,MonNone,Feral
plant,thorn hunter,Large,Silent,Amphibious,Plant,Animal,MonNone,
plant,shambling mangrove,Giant,Silent,Amphibious,Plant,Human,MonNone,
plant,vine stalker,Medium,Silent,Land,Natural,Mindless,MonNone,
goblin,goblin,Small,Shout,Land,Natural,Human,MonEquipment,
goblin,hobgoblin,Medium,Shout,Land,Natural,Human,MonEquipment,
goblin,gnoll,Medium,Shout,Land,Natural,Human,MonEquipment,
goblin,gnoll bouda,Medium,Shout,Land,Natural,Human,MonEquipment,
goblin,gnoll sergeant,Medium,Shout,Land,Natural,Human,MonEquipment,
goblin,boggart,Medium,Shout,Land,Natural,Human,MonEquipment,
goblin,dwarf,Medium,Shout,Land,Natural,Human,MonEquipment,NPC
goblin,deep dwarf,Medium,Shout,Land,Natural,Human,MonEquipment,
quadruped,jackal,Medium,Bark,Land,Natural,Animal,MonNone,
quadruped,hound,Medium,Bark,Land,Natural,Animal,MonNone,
quadruped,howler monkey,Medium,Howl,Land,Natural,Animal,MonNone,
quadruped,warg,Medium,Howl,Land,Natural,Animal,MonNone,
quadruped,wolf,Medium,Howl,Land,Natural,Animal,MonNone,
quadruped,inugami,Medium,Bark,Land,Natural,Animal,MonNone,
quadruped,hog,Medium,Squeal,Land,Natural,Animal,MonNone,
quadruped,hell hound,Medium,Bark,Land,Demonic,Animal,MonNone,
quadruped,doom hound,Medium,Bark,Land,Demonic,Animal,MonNone,
quadruped,raiju,Medium,Bark,Land,Natural,Animal,MonNone,
quadruped,hell hog,Medium,Squeal,Land,Demonic,Animal,MonNone,
quadruped,holy swine,Medium,Squeal,Land,Holy,Animal,MonNone,
quadruped,felid,Medium,Hiss,Land,Natural,Human,MonNone,NPC
quadruped,polar bear,Large,Growl,Amphibious,Natural,Animal,MonNone,
quadruped,black bear,Large,Growl,Land,Natural,Animal,MonNone,
spriggan,spriggan,Tiny,Shout,Land,Natural,Human,MonEquipment,
spriggan,spriggan rider,Tiny,Shout,Land,Natural,Human,MonEquipment,
spriggan,spriggan druid,Tiny,Shout,Land,Natural,Human,MonEquipment,
spriggan,spriggan berserker,Tiny,Shout,Land,Natural,Human,MonEquipment,
spriggan,spriggan air mage,Tiny,Shout,Land,Natural,Human,MonEquipment,
spriggan,spriggan defender,Tiny,Shout,Land,Natural,Human,MonEquipment,
drake,wyvern,Large,Hiss,Land,Natural,Animal,MonNone,Fly
drake,swamp drake,Large,Roar,Land,Natural,Animal,MonNone,Fly
drake,rime drake,Large,Hiss,Land,Natural,Animal,MonNone,Fly
drake,wind drake,Large,Hiss,Land,Natural,Animal,MonNone,Fly
drake,lindwurm,Large,Roar,Land,Natural,Animal,MonNone,Tunnel
drake,death drake,Large,Hiss,Land,Natural,Animal,MonNone,Fly
lizard,frilled lizard,Small,Hiss,Amphibious,Natural,Animal,MonNone,
lizard,iguana,Small,Hiss,Amphibious,Natural,Animal,MonNone,
lizard,crocodile,Small,Silent,Amphibious,Natural,Animal,MonNone,
lizard,basilisk,Small,Hiss,Land,Natural,Animal,MonNone,
lizard,komodo dragon,Large,Hiss,Amphibious,Natural,Animal,MonNone,
lizard,alligator,Large,Silent,Amphibious,Natural,Animal,MonNone,
merfolk,merfolk,Medium,Shout,Amphibious,Natural,Human,MonNone,NPC
merfolk,merfolk impaler,Medium,Shout,Amphibious,Natural,Human,MonEquipment,
merfolk,merfolk javelineer,Medium,Shout,Amphibious,Natural,Human,MonEquipment,Archer
merfolk,merfolk aquamancer,Medium,Shout,Amphibious,Natural,Human,MonEquipment,
merfolk,merfolk siren,Medium,Shout,Amphibious,Natural,Human,MonEquipment,
merfolk,sickly merfolk siren,Medium,Shout,Amphibious,Natural,Human,MonEquipment,
merfolk,merfolk avatar,Medium,Shout,Amphibious,Natural,Human,MonEquipment,
merfolk,malarious merfolk avatar,Medium,Shout,Amphibious,Natural,Human,MonEquipment,
merfolk,water nymph,Medium,Shout,Amphibious,Natural,Human,MonDoor,
undead,bog body,Medium,Silent,Amphibious,Undead,Human,MonDoor,
undead,necrophage,Medium,Silent,Land,Undead,Human,MonDoor,
undead,bloated husk,Medium,Silent,Amphibious,Undead,Human,MonDoor,Mob
undead,ghoul,Medium,Silent,Land,Undead,Human,MonDoor,
undead,searing wretch,Medium,Silent,Land,Undead,Human,MonDoor,
orc,orc,Medium,Shout,Land,Natural,Human,MonEquipment,Mob
orc,orc wizard,Medium,Shout,Land,Natural,Human,MonEquipment,
orc,orc priest,Medium,Shout,Land,Natural,Human,MonEquipment,
orc,orc warrior,Medium,Shout,Land,Natural,Human,MonEquipment,
orc,orc knight,Medium,Shout,Land,Natural,Human,MonEquipment,
orc,orc warlord,Medium,Shout,Land,Natural,Human,MonEquipment,
orc,orc sorcerer,Medium,Shout,Land,Natural,Human,MonEquipment,
orc,orc high priest,Medium,Shout,Land,Natural,Human,MonEquipment,
human,human,Medium,Shout,Land,Natural,Human,MonEquipment,
human,burial acolyte,Medium,Shout,Land,Natural,Human,MonEquipment,
human,hell knight,Medium,Shout,Land,Natural,Human,MonEquipment,
human,death knight,Medium,Shout,Land,Natural,Human,MonEquipment,
human,necromancer,Medium,Shout,Land,Natural,Human,MonEquipment,
human,arcanist,Medium,Shout,Land,Natural,Human,MonEquipment,
human,occultist,Medium,Shout,Land,Natural,Human,MonEquipment,
human,vault guard,Medium,Shout,Land,Natural,Human,MonEquipment,
human,vault sentinel,Medium,Shout,Land,Natural,Human,MonEquipment,
human,vault warden,Medium,Shout,Land,Natural,Human,MonEquipment,
human,ironbound convoker,Medium,Shout,Land,Natural,Human,MonEquipment,
human,ironbound frostheart,Medium,Shout,Land,Natural,Human,MonEquipment,
human,ironbound preserver,Medium,Shout,Land,Natural,Human,MonEquipment,
human,shapeshifter,Medium,Silent,Land,Natural,Human,MonEquipment,
human,glowing shapeshifter,Medium,Silent,Land,Natural,Human,MonEquipment,
human,killer klown,Medium,Shout,Land,Natural,Human,MonEquipment,
human,demigod,Medium,Shout,Land,Natural,Human,MonEquipment,NPC
human,halfling,Small,Shout,Land,Natural,Human,MonEquipment,NPC
human,metoeran,Medium,Shout,Land,Natural,Human,MonEquipment,NPC
human,spectator,Medium,Shout,Land,Natural,Human,MonEquipment,"NPC,NoMove"
rat,rat,Tiny,Squeak,Land,Natural,Animal,MonNone,
rat,quokka,Small,Silent,Land,Natural,Animal,MonNone,
rat,river rat,Tiny,Squeak,Amphibious,Natural,Animal,MonNone,
rat,hell rat,Small,Roar,Land,Demonic,Animal,MonNone,
rat,crystal echidna,Small,Silent,Land,NonLiving,Animal,MonNone,
spider,scorpion,Small,Shout,Land,Natural,Animal,MonNone,
spider,emperor scorpion,Giant,Silent,Land,Natural,Animal,MonNone,
spider,tarantella,Small,Skitter,Land,Natural,Animal,MonNone,
spider,jumping spider,Small,Skitter,Land,Natural,Animal,MonNone,
spider,wolf spider,Medium,Skitter,Land,Natural,Animal,MonNone,
spider,redback,Tiny,Silent,Land,Natural,Animal,MonNone,
spider,demonic crawler,Large,Scream,Land,Demonic,Animal,MonNone,
spider,orb spider,Small,Skitter,Land,Natural,Animal,MonNone,
spider,broodmother,Giant,Skitter,Land,Natural,Animal,MonNone,
spider,culicivora,Small,Skitter,Land,Natural,Animal,MonNone,
testudine,snapping turtle,Medium,Hiss,Amphibious,Natural,Animal,MonNone,Archer
testudine,alligator snapping turtle,Large,Hiss,Amphibious,Natural,Animal,MonNone,Archer
testudine,fire crab,Small,Silent,AmphibiousLava,Natural,Animal,MonNone,
testudine,ghost crab,Small,Silent,Amphibious,Undead,Animal,MonNone,
testudine,apocalypse crab,Small,Silent,Amphibious,Demonic,Animal,MonNone,
ugly,ugly thing,Medium,Gurgle,Land,Natural,Human,MonNone,
ugly,very ugly thing,Large,Gurgle,Land,Natural,Human,MonNone,
vortice,fire vortex,Large,Silent,Land,NonLiving,Mindless,MonNone,Feral
vortice,spatial vortex,Large,Silent,Land,NonLiving,Mindless,MonNone,Feral
vortice,spatial maelstrom,Large,Silent,Land,NonLiving,Mindless,MonNone,Feral
vortice,will-o-the-wisp,Tiny,Moan,Land,NonLiving,Mindless,MonNone,Feral
vortice,twister,Large,Silent,Land,NonLiving,Mindless,MonNone,"Feral,Fly,NoXP"
worm,ribbon worm,Small,Silent,Land,Natural,Animal,MonNone,
worm,brain worm,Small,Silent,Land,Natural,Animal,MonNone,
worm,swamp worm,Medium,Silent,Amphibious,Natural,Animal,MonNone,
worm,tyrant leech,Large,Silent,Amphibious,Natural,Animal,MonNone,
worm,dart slug,Small,Silent,Amphibious,Natural,Animal,MonNone,
worm,torpor snail,Large,Silent,Land,Natural,Animal,MonNone,
worm,steelbarb worm,Small,Silent,Land,Natural,Animal,MonNone,
worm,elephant slug,Giant,Silent,Land,Natural,Animal,MonNone,
horror,unseen horror,Medium,Silent,Land,Natural,Animal,MonNone,
horror,small abomination,Large,Silent,Land,Undead,Mindless,MonNone,
horror,ancient zyme,Medium,Silent,Land,NonLiving,Human,MonNone,
horror,worldbinder,Small,Silent,Land,NonLiving,Human,MonDoor,
horror,bunyip,Large,Scream,Amphibious,Natural,Animal,MonNone,
octopode,octopode,Medium,Shout,Amphibious,Natural,Human,MonNone,NPC
insect,killer bee,Tiny,Buzz,Land,Natural,Animal,MonNone,Fly
insect,queen bee,Small,Buzz,Land,Natural,Animal,MonNone,Fly
insect,vampire mosquito,Small,Buzz,Land,Undead,Animal,MonNone,Fly
insect,hornet,Tiny,Buzz,Land,Natural,Animal,MonNone,Fly
insect,meliai,Small,Buzz,Land,Natural,Animal,MonNone,Fly
insect,spark wasp,Tiny,Buzz,Land,Natural,Animal,MonNone,
insect,ghost moth,Large,Silent,Land,Natural,Animal,MonNone,
insect,moth of wrath,Small,Silent,Land,Natural,Animal,MonNone,
insect,sun moth,Small,Silent,Land,Natural,Animal,MonNone,
undead,wight,Medium,Silent,Land,Undead,Human,MonEquipment,
undead,skeletal warrior,Medium,Silent,Land,Undead,Human,MonEquipment,
undead,ancient champion,Medium,Silent,Land,Undead,Human,MonEquipment,
undead,weeping skull,Tiny,Moan,Land,Undead,Human,MonNone,
undead,laughing skull,Tiny,Scream,Land,Undead,Human,MonNone,
undead,curse skull,Tiny,Moan,Land,Undead,Human,MonNone,Fly
undead,curse toe,Tiny,Moan,Land,Undead,Human,MonNone,
undead,death cob,Tiny,Moan,Land,Undead,Human,MonNone,
undead,revenant,Medium,Moan,Land,Undead,Human,MonNone,
angelic,angel,Medium,Shout,Land,Holy,Human,MonEquipment,
angelic,cherub,Medium,Shout,Land,Holy,Human,MonEquipment,"Archer,Fly"
angelic,seraph,Medium,Shout,Land,Holy,Human,MonEquipment,Fly
angelic,daeva,Medium,Shout,Land,Holy,Human,MonEquipment,Fly
angelic,profane servitor,Medium,Silent,Land,Undead,Human,MonEquipment,Fly
beetle,giant cockroach,Small,Silent,Land,Natural,Human,MonNone,
beetle,bombardier beetle,Small,Silent,Land,Natural,Animal,MonNone,
beetle,radroach,Small,Silent,Land,Natural,Animal,MonNone,
beetle,formicid,Medium,Shout,Land,Natural,Human,MonNone,
beetle,entropy weaver,Medium,Shout,Land,Natural,Human,MonNone,
beetle,boulder beetle,Large,Silent,Land,Natural,Animal,MonNone,
beetle,pharaoh ant,Medium,Moan,Land,Undead,Animal,MonNone,
beetle,death scarab,Small,Skitter,Land,Undead,Animal,MonNone,
giant,cyclops,Large,Shout,Land,Natural,Human,MonEquipment,
giant,ettin,Large,Shout,Land,Natural,Human,MonEquipment,
giant,fire giant,Large,Shout,Land,Natural,Human,MonEquipment,
giant,frost giant,Large,Shout,Land,Natural,Human,MonEquipment,
giant,stone giant,Large,Shout,Land,Natural,Human,MonEquipment,
giant,titan,Large,Shout,Land,Natural,Human,MonEquipment,
giant,juggernaut,Large,Shout,Land,Natural,Human,MonEquipment,
giant,iron giant,Large,Shout,Land,Natural,Human,MonEquipment,
giant,cactus giant,Large,Silent,Land,Plant,Human,MonEquipment,
giant,tainted leviathan,Large,Shout,Land,Undead,Human,MonEquipment,
giant,protean progenitor,Large,Gurgle,Land,Natural,Human,MonDoor,
dragon,fire dragon,Large,Roar,Land,Natural,Animal,MonNone,Fly
dragon,hydra,Large,Roar,Amphibious,Natural,Animal,MonNone,
dragon,ice dragon,Large,Roar,Land,Natural,Animal,MonNone,Tunnel
dragon,steam dragon,Large,Hiss,Land,Natural,Animal,MonNone,Fly
dragon,swamp dragon,Large,Roar,Land,Natural,Animal,MonNone,Fly
dragon,acid dragon,Large,Roar,Land,Natural,Animal,MonNone,Fly
dragon,quicksilver dragon,Large,Roar,Land,Natural,Animal,MonNone,Tunnel
dragon,iron dragon,Large,Roar,Land,Natural,Animal,MonNone,
dragon,storm dragon,Large,Roar,Land,Natural,Animal,MonNone,Fly
dragon,golden dragon,Large,Roar,Land,Natural,Animal,MonNone,Fly
dragon,shadow dragon,Large,Silent,Land,Natural,Animal,MonNone,Fly
dragon,bone dragon,Large,Silent,Land,Undead,Animal,MonNone,Fly
dragon,pearl dragon,Large,Roar,Land,Holy ,Animal,MonNone,Fly
elemental,earth elemental,Large,Silent,Land,NonLiving,Mindless,MonNone,Tunnel
elemental,quicksilver elemental,Large,Silent,Land,NonLiving,Mindless,MonNone,Feral
elemental,fire elemental,Large,Silent,AmphibiousLava,NonLiving,Mindless,MonNone,Feral
elemental,water elemental,Large,Silent,Amphibious,NonLiving,Mindless,MonNone,Feral
elemental,air elemental,Large,Silent,Land,NonLiving,Mindless,MonNone,Feral
elemental,iron elemental,Large,Silent,Land,NonLiving,Mindless,MonNone,
elemental,elemental wellspring,Large,Silent,Land,NonLiving,Mindless,MonNone,NoMove
frog,bullfrog,Medium,Croak,Amphibious,Natural,Animal,MonNone,
frog,cane toad,Medium,Croak,Amphibious,Natural,Animal,MonNone,Archer
frog,blink frog,Medium,Croak,Amphibious,Natural,Animal,MonNone,
frog,goliath frog,Small,Silent,Amphibious,Natural,Animal,MonNone,Archer
frog,skyshark,Large,Shout,Land,Natural,Animal,MonNone,
frog,barachi,Medium,Shout,Amphibious,Natural,Human,MonNone,
eye,glass eye,Medium,Silent,Land,Natural,Mindless,MonNone,Fly
eye,glowing orange brain,Medium,Silent,Land,Natural,Human,MonDoor,Fly
eye,great orb of eyes,Medium,Silent,Land,Natural,Human,MonNone,Fly
eye,shining eye,Medium,Silent,Land,Natural,Mindless,MonNone,Fly
eye,eye of devastation,Medium,Silent,Land,Natural,Mindless,MonNone,Fly
eye,golden eye,Tiny,Silent,Land,Natural,Mindless,MonNone,Fly
eye,orphan,Medium,Silent,Land,Holy ,Human,MonNone,Fly
hybrid,manticore,Large,Silent,Land,Natural,Animal,MonNone,Fly
hybrid,minotaur,Medium,Bellow,Land,Natural,Human,MonNone,
hybrid,fenstrider witch,Giant,Shout,Land,Natural,Human,MonNone,
hybrid,sphinx,Giant,Screech,Land,Natural,Human,MonDoor,Fly
hybrid,harpy,Medium,Shout,Land,Natural,Human,MonNone,Fly
hybrid,jorogumo,Medium,Shout,Land,Natural,Human,MonDoor,
hybrid,armataur,Large,Shout,Land,Natural,Human,MonNone,
hybrid,mutant beast,Medium,Shout,Land,Natural,Animal,MonNone,
jelly,endoplasm,Small,Silent,Land,Natural,Mindless,MonNone,Mob
jelly,jelly,Small,Silent,Amphibious,Natural,Mindless,MonNone,Mob
jelly,slime creature,Small,Silent,Amphibious,Natural,Mindless,MonNone,Mob
jelly,formless jellyfish,Large,Silent,Land,Natural,Mindless,MonNone,
jelly,rockslime,Giant,Silent,Amphibious,Natural,Mindless,MonNone,
jelly,quicksilver ooze,Giant,Silent,Land,Natural,Mindless,MonNone,
jelly,azure jelly,Small,Silent,Land,Natural,Mindless,MonNone,
jelly,acid blob,Small,Silent,Land,Natural,Mindless,MonNone,Feral
kobold,kobold,Small,Shout,Land,Natural,Human,MonEquipment,
kobold,kobold brigand,Small,Shout,Land,Natural,Human,MonEquipment,
kobold,kobold demonologist,Small,Shout,Land,Natural,Human,MonEquipment,
kobold,kobold blastminer,Small,Shout,Land,Natural,Human,MonEquipment,
lich,lich,Medium,Shout,Land,Undead,Human,MonEquipment,
lich,ancient lich,Medium,Shout,Land,Undead,Human,MonEquipment,
lich,dread lich,Medium,Shout,Land,Undead,Human,MonEquipment,
lich,halazid warlock,Medium,Shout,Land,Undead,Human,MonEquipment,
lich,stoker,Medium,Shout,AmphibiousLava,Undead,Human,MonEquipment,Tunnel
mummy,mummy,Medium,Silent,Land,Undead,Human,MonEquipment,
mummy,guardian mummy,Medium,Silent,Land,Undead,Human,MonEquipment,
mummy,royal mummy,Medium,Silent,Land,Undead,Human,MonEquipment,
mummy,mummy priest,Medium,Silent,Land,Undead,Human,MonEquipment,
naga,naga,Large,Shout,Land,Natural,Human,MonEquipment,
naga,naga mage,Large,Shout,Land,Natural,Human,MonEquipment,
naga,naga sharpshooter,Large,Shout,Land,Natural,Human,MonEquipment,Archer
naga,naga ritualist,Large,Shout,Land,Natural,Human,MonEquipment,
naga,naga warrior,Large,Shout,Land,Natural,Human,MonEquipment,
naga,nagaraja,Large,Shout,Land,Natural,Human,MonEquipment,
naga,salamander,Medium,Silent,AmphibiousLava,Natural,Human,MonEquipment,
naga,salamander mystic,Medium,Silent,AmphibiousLava,Natural,Human,MonEquipment,
naga,salamander tyrant,Medium,Silent,AmphibiousLava,Natural,Human,MonEquipment,
ogre,ogre,Large,Shout,Land,Natural,Human,MonEquipment,
ogre,two-headed ogre,Large,Shout,Land,Natural,Human,MonEquipment,
ogre,ogre mage,Large,Shout,Land,Natural,Human,MonEquipment,
ogre,ironbound thunderhulk,Large,Shout,Land,Natural,Human,MonEquipment,
ogre,oni,Large,Shout,Land,Natural,Human,MonEquipment,
plant,plant,Small,Silent,Land,Plant,Mindless,MonNone,"NoMove,NoXP"
plant,demonic plant,Small,Silent,Land,Plant,Mindless,MonNone,"NoMove,NoXP"
plant,withered plant,Small,Silent,Land,Plant,Mindless,MonNone,"NoMove,NoXP"
plant,oklob sapling,Small,Silent,Land,Plant,Mindless,MonNone,Feral
plant,oklob plant,Small,Silent,Land,Plant,Mindless,MonNone,Feral
plant,starflower,Medium,Silent,Land,Plant,Mindless,MonNone,Feral
plant,bush,Giant,Silent,Land,Plant,Mindless,MonNone,"NoMove,NoXP"
plant,burning bush,Giant,Silent,Land,Plant,Mindless,MonNone,"NoMove,NoXP"
plant,toadstool,Tiny,Silent,Land,Plant,Mindless,MonNone,NoMove
plant,fungus,Tiny,Silent,Land,Plant,Mindless,MonNone,NoMove
plant,ballistomycete,Tiny,Silent,Land,Plant,Mindless,MonNone,NoMove
plant,briar patch,Small,Silent,Amphibious,Plant,Mindless,MonNone,NoMove
tengu,tengu,Medium,Shout,Land,Natural,Human,MonEquipment,Fly
tengu,tengu conjurer,Medium,Shout,Land,Natural,Human,MonEquipment,Fly
tengu,tengu warrior,Medium,Shout,Land,Natural,Human,MonEquipment,Fly
tengu,tengu reaver,Medium,Shout,Land,Natural,Human,MonEquipment,Fly
spiritual,djinni,Medium,Shout,Land,NonLiving,Human,MonEquipment,
spiritual,ancestor,Medium,Shout,Land,NonLiving,Human,MonEquipment,NoSpawn
spiritual,knight,Medium,Shout,Land,NonLiving,Human,MonEquipment,NoSpawn
spiritual,battlemage,Medium,Shout,Land,NonLiving,Human,MonEquipment,NoSpawn
spiritual,hexer,Medium,Shout,Land,NonLiving,Human,MonEquipment,NoSpawn
spiritual,efreet,Large,Silent,Land,Demonic,Human,MonEquipment,Fly
spiritual,rakshasa,Medium,Silent,Land,Demonic,Human,MonEquipment,
spiritual,eleionoma,Medium,Shout,Land,Natural,Human,MonEquipment,
spiritual,wendigo,Medium,Howl,Land,Demonic,Human,MonEquipment,
spiritual,dryad,Medium,Shout,Land,Natural,Human,MonEquipment,
spiritual,snaplasher vine,Large,Silent,Land,Plant,Animal,MonNone,
spiritual,snaplasher vine segment,Large,Silent,Land,Plant,Animal,MonNone,
snake,ball python,Small,Hiss,Amphibious,Natural,Animal,MonNone,
snake,adder,Small,Hiss,Amphibious,Natural,Animal,MonNone,
snake,water moccasin,Medium,Hiss,Amphibious,Natural,Animal,MonNone,
snake,black mamba,Large,Hiss,Land,Natural,Animal,MonNone,
snake,sea snake,Large,Hiss,Amphibious,Natural,Animal,MonNone,
snake,anaconda,Medium,Hiss,Amphibious,Natural,Animal,MonNone,
snake,guardian serpent,Medium,Shout,Land,Natural,Animal,MonNone,
snake,shock serpent,Small,Hiss,Land,Natural,Animal,MonNone,
snake,mana viper,Small,Hiss,Land,Natural,Animal,MonNone,
snake,electric eel,Small,Hiss,Amphibious,Natural,Animal,MonNone,Mob
snake,lava snake,Small,Hiss,Amphibious,Natural,Animal,MonNone,"Mob,Feral"
troll,troll,Large,Shout,Land,Natural,Human,MonDoor,
troll,iron troll,Large,Shout,Land,Natural,Human,MonDoor,
troll,deep troll,Large,Shout,Land,Natural,Human,MonDoor,
troll,deep troll earth mage,Large,Shout,Land,Natural,Human,MonDoor,
vampire,vampire,Medium,Silent,Land,Undead,Human,MonEquipment,
vampire,vampire knight,Medium,Shout,Land,Undead,Human,MonEquipment,
vampire,vampire mage,Medium,Silent,Land,Undead,Human,MonEquipment,Fly
vampire,jiangshi,Medium,Silent,Land,Undead,Animal,MonNone,Fly
wraith,ghost,Medium,Silent,Land,Undead,Human,MonDoor,"Incorporeal,Fly"
wraith,phantom,Medium,Silent,Land,Undead,Human,MonDoor,"Incorporeal,Fly"
wraith,martyred shade,Medium,Silent,Land,Undead,Human,MonDoor,"Incorporeal,Fly"
wraith,flayed ghost,Medium,Silent,Land,Undead,Human,MonDoor,"Incorporeal,Fly"
wraith,player ghost,Medium,Silent,Land,Undead,Human,MonDoor,"Incorporeal,Fly"
wraith,shadow,Small,Silent,Land,Undead,Human,MonDoor,"Incorporeal,Fly"
wraith,silent spectre,Medium,Silent,Land,Undead,Human,MonDoor,"Incorporeal,Fly"
wraith,drowned soul,Medium,Silent,Land,Undead,Human,MonDoor,"Incorporeal,Fly"
wraith,wraith,Medium,Silent,Land,Undead,Human,MonDoor,"Incorporeal,Fly"
wraith,shadow wraith,Medium,Silent,Land,Undead,Human,MonDoor,"Incorporeal,Fly"
wraith,putrid mouth,Medium,Moan,Land,Undead,Human,MonDoor,"Incorporeal,Fly"
wraith,freezing wraith,Medium,Silent,Land,Undead,Human,MonDoor,"Incorporeal,Fly"
wraith,eidolon,Medium,Moan,Land,Undead,Human,MonDoor,"Incorporeal,Fly"
wraith,phantasmal warrior,Medium,Silent,Land,Undead,Human,MonDoor,"Incorporeal,Fly"
horror,large abomination,Large,Silent,Land,Undead,Mindless,MonNone,Feral
horror,thrashing horror,Large,Roar,Land,NonLiving,Animal,MonNone,Feral
horror,tentacled monstrosity,Giant,Silent,Amphibious,Demonic,Animal,MonNone,
horror,orb guardian,Giant,Shout,Land,Natural,Human,MonNone,
horror,tentacled starspawn,Giant,Shout,Land,NonLiving,Human,MonNone,
horror,starspawn tentacle,Large,Shout,Land,NonLiving,Human,MonNone,
horror,starspawn tentacle segment,Giant,Shout,Land,NonLiving,Human,MonNone,NoMove
horror,starcursed mass,Giant,Shout,Land,NonLiving,Animal,MonNone,
horror,nameless horror,Giant,Shout,Land,NonLiving,Mindless,MonNone,
horror,kraken,Large,Shout,Amphibious,Natural,Animal,MonNone,
horror,tentacle,Large,Silent,Amphibious,Natural,Animal,MonNone,NoMove
horror,tentacle segment,Large,Silent,Amphibious,Natural,Animal,MonNone,NoMove
horror,eldritch tentacle,Large,Shout,Amphibious,Natural,Animal,MonNone,NoMove
horror,eldritch tentacle segment,Large,Shout,Amphibious,Natural,Animal,MonNone,NoMove
yak,dream sheep,Medium,Bleat,Land,Natural,Animal,MonNone,"Mob,Feral"
yak,yak,Large,Bellow,Land,Natural,Animal,MonNone,"Mob,Feral"
yak,death yak,Large,Bellow,Land,Natural,Animal,MonNone,
yak,catoblepas,Large,Bellow,Land,Natural,Animal,MonNone,
yak,elephant,Giant,Trumpet,Land,Natural,Animal,MonNone,
yak,dire elephant,Giant,Trumpet,Land,Natural,Animal,MonNone,
yak,hellphant,Giant,Trumpet,Land,Demonic,Animal,MonNone,
yak,apis,Large,Silent,Land,Holy ,Animal,MonNone,
yak,ice breast,Large,Silent,Land,Natural,Animal,MonNone,
yak,sky beast,Large,Silent,Amphibious,Natural,Animal,MonNone,
zombie,zombie,Medium,Silent,Land,Undead,Mindless,MonNone,
zombie,skeleton,Medium,Silent,Land,Undead,Mindless,MonNone,
zombie,simulacrum,Medium,Silent,Land,Undead,Mindless,MonNone,
zombie,small zombie,Small,Silent,Land,Undead,Mindless,MonNone,
zombie,small skeleton,Small,Silent,Land,Undead,Mindless,MonNone,
zombie,small simulacrum,Small,Silent,Land,Undead,Mindless,MonNone,
zombie,large zombie,Large,Silent,Land,Undead,Mindless,MonNone,
zombie,large skeleton,Large,Silent,Land,Undead,Mindless,MonNone,
zombie,large simulacrum,Large,Silent,Land,Undead,Mindless,MonNone,
zombie,spectral thing,Medium,Silent,Land,Undead,Mindless,MonNone,"Incorporeal,Fly"
zombie,bound soul,Medium,Silent,Land,Undead,Mindless,MonNone,"Incorporeal,Fly"
demon,demonspawn,Medium,Shout,Land,Natural,Human,MonEquipment,
demon,demonspawn blood saint,Medium,Shout,Land,Natural,Human,MonEquipment,
demon,demonspawn warmonger,Medium,Shout,Land,Natural,Human,MonEquipment,
demon,demonspawn corrupter,Medium,Shout,Land,Demonic,Human,MonEquipment,
demon,demonspawn black sun,Medium,Shout,Land,Demonic,Human,MonEquipment,
demon,crimson imp,Small,Shout,Land,Demonic,Human,MonDoor,Fly
demon,cerulean imp,Small,Shout,Land,Demonic,Human,MonDoor,Fly
demon,quasit,Small,Moan,Land,Demonic,Human,MonDoor,
demon,white imp,Small,Shout,Land,Demonic,Human,MonDoor,Fly
demon,ufetubus,Small,Shout,Land,Demonic,Human,MonDoor,Feral
demon,iron imp,Small,Shout,Land,Demonic,Human,MonDoor,
demon,shadow imp,Medium,Shout,Land,Demonic,Human,MonDoor,Feral
demon,lemure,Medium,Shout,Land,Demonic,Human,MonDoor,
demon,rust devil,Medium,Shout,Land,Demonic,Human,MonDoor,
demon,orange demon,Medium,Screech,Land,Demonic,Human,MonDoor,
demon,bone devil,Medium,Screech,Land,Demonic,Human,MonDoor,
demon,red devil,Medium,Screech,Land,Demonic,Human,MonDoor,Fly
demon,hellwing,Medium,Moan,Land,Demonic,Human,MonDoor,Fly
demon,ice devil,Medium,Silent,Land,Demonic,Human,MonDoor,Fly
demon,chaos spawn,Medium,Shout,Land,Demonic,Human,MonDoor,
demon,sun demon,Medium,Shout,Land,Demonic,Human,MonDoor,Fly
demon,soul eater,Medium,Silent,Land,Demonic,Human,MonDoor,Fly
demon,smoke demon,Medium,Roar,Land,Demonic,Human,MonDoor,Fly
demon,neqoxec,Medium,Shout,Land,Demonic,Human,MonDoor,Fly
demon,ynoxinul,Medium,Bellow,Land,Demonic,Human,MonDoor,Fly
demon,sixfirhy,Medium,Silent,Land,Demonic,Human,MonDoor,Fly
demon,shadow demon,Medium,Croak,Land,Demonic,Human,MonDoor,
demon,green death,Large,Roar,Land,Demonic,Human,MonDoor,
demon,blizzard demon,Large,Shout,Land,Demonic,Human,MonDoor,Fly
demon,balrug,Large,Shout,Land,Demonic,Human,MonDoor,Fly
demon,cacodemon,Large,Shout,Land,Demonic,Human,MonDoor,
demon,hell beast,Large,Shout,Land,Demonic,Human,MonDoor,
demon,hellion,Medium,Scream,Land,Demonic,Human,MonDoor,
demon,reaper,Medium,Silent,Land,Demonic,Human,MonDoor,
demon,lorocyproca,Medium,Moan,Land,Demonic,Human,MonDoor,
demon,tormentor,Medium,Roar,Land,Demonic,Human,MonDoor,
demon,Brimstone Fiend,Large,Roar,Land,Demonic,Human,MonDoor,Fly
demon,Ice Fiend,Large,Roar,Land,Demonic,Human,MonDoor,Fly
demon,Tzitzimitl,Large,Roar,Land,Demonic,Human,MonDoor,Fly
demon,Hell Sentinel,Large,Roar,Land,Demonic,Human,MonDoor,
demon,Executioner,Large,Scream,Land,Demonic,Human,MonDoor,
construct,ice statue,Large,Silent,Amphibious,NonLiving,Mindless,MonNone,"NoMove,NoXP"
construct,obsidian statue,Large,Silent,Amphibious,NonLiving,Mindless,MonNone,"NoMove,NoXP"
construct,orange crytstal statue,Large,Silent,Land,NonLiving,Mindless,MonNone,"NoMove,NoXP"
construct,training dummy,Medium,Silent,Land,NonLiving,Mindless,MonNone,"NoMove,NoXP"
construct,pillar of salt,Medium,Silent,Land,NonLiving,Mindless,MonNone,"NoMove,NoXP"
construct,block of ice,Medium,Silent,Land,NonLiving,Mindless,MonNone,"NoMove,NoXP"
construct,diamond obelisk,Large,Silent,Land,NonLiving,Mindless,MonNone,"NoMove,NoXP"
construct,lightning spire,Small,Silent,Land,NonLiving,Mindless,MonNone,"NoMove,NoXP"
construct,strange machine,Small,Silent,Land,NonLiving,Mindless,MonNone,"NoMove,NoXP"
construct,saltling,Medium,Silent,Land,NonLiving,Mindless,MonNone,
construct,peacekeeper,Large,Roar,Land,NonLiving,Mindless,MonNone,
construct,iron golem,Large,Squeak,Land,NonLiving,Mindless,MonNone,
construct,crystal guardian,Large,Silent,Land,NonLiving,Mindless,MonNone,
construct,toenail golem,Large,Silent,Land,NonLiving,Mindless,MonNone,
construct,electric golem,Large,Silent,Land,NonLiving,Mindless,MonNone,
construct,nargun,Medium,Silent,Land,NonLiving,Human,MonNone,
construct,ushabti,Small,Silent,Land,NonLiving,Human,MonNone,
construct,gargoyle,Medium,Silent,Land,NonLiving,Human,MonNone,Fly
construct,molten gargoyle,Medium,Silent,Land,NonLiving,Human,MonNone,Fly
construct,war gargoyle,Medium,Silent,Land,NonLiving,Human,MonNone,Fly
construct,blazeheart golem,Large,Silent,Land,NonLiving,Human,MonNone,
construct,spellforged servitor,Medium,Taunt,Land,NonLiving,Human,MonNone,
spell,ball lightning,Small,Silent,Land,NonLiving,Mindless,MonNone,"NoSpawn,Fly,NoXP"
spell,ballistomycete spore,Small,Silent,Land,Plant,Mindless,MonNone,"NoSpawn,Fly,NoXP"
spell,lost soul,Small,Silent,Land,Undead,Mindless,MonNone,"NoSpawn,Incorporeal,Fly,NoXP"
spell,lurking horror,Small,Silent,Land,NonLiving,Mindless,MonNone,"NoSpawn,Incorporeal,Fly,NoXP"
spell,orb of fire,Small,Silent,Land,NonLiving,Mindless,MonNone,"NoSpawn,Incorporeal,Fly,NoXP"
spell,creeping inferno,Small,Silent,Land,NonLiving,Mindless,MonNone,"NoSpawn,Incorporeal,Fly,NoXP"
spell,orb of destruction,Small,Silent,Land,NonLiving,Mindless,MonNone,"NoSpawn,Incorporeal,Fly,NoXP"
spell,foxfire,Small,Silent,Land,NonLiving,Mindless,MonNone,"NoSpawn,Incorporeal,NoMove,NoXP"
spell,fulminant prism,Small,Silent,Land,NonLiving,Mindless,MonNone,"NoSpawn,NoMove,NoXP"
spell,wretched star,Small,Silent,Land,NonLiving,Mindless,MonNone,"NoSpawn,Fly,NoXP"
spell,battlesphere,Small,Silent,Land,NonLiving,Mindless,MonNone,"NoSpawn,Fly,NoXP"
spell,boulder,Small,Silent,Land,NonLiving,Mindless,MonNone,"NoSpawn,NoMove,NoXP"
spell,aspiring flesh,Small,Silent,Land,Natural,Mindless,MonNone,"NoSpawn,NoMove,NoXP"
spell,blazeheart core,Small,Silent,Land,NonLiving,Mindless,MonNone,"NoSpawn,Fly,NoXP"
player,Player,Medium,Shout,Land,Natural,Human,MonEquipment,NPC
boss,Balor,Large,Shout,Land,Demonic,Human,MonNone,Fly
boss,Tarrasque,Giant,Hiss,Amphibious,Natural,Human,MonNone,
boss,Witch-King,Medium,Shout,Land,Undead,Human,MonEquipment,Fly
boss,Vampire King,Medium,Shout,Land,Undead,Human,MonEquipment,Fly